,precision,recall,f1-score,support
0.0,0.9961501443695862,0.9847764034253093,0.9904306220095694,1051.0
1.0,0.8279569892473119,0.9506172839506173,0.885057471264368,81.0
accuracy,0.9823321554770318,0.9823321554770318,0.9823321554770318,0.9823321554770318
macro avg,0.9120535668084491,0.9676968436879633,0.9377440466369686,1132.0
weighted avg,0.9841151217857484,0.9823321554770318,0.9828906704103103,1132.0
